title,google_trend
물괴,773
싱글라이더,387
리즈와 파랑새,375
레드 후드,409
툴리,671
허스토리,616
누구나 아는 비밀,409
택시 5,863
영주,1674
여배우는 오늘도,375
늦여름,272
트리트 미 라이크 파이어,468
상류사회,422
궁합,1184
리틀 포레스트,699
레인보우  나의 사랑,100
해피 댄싱,186
핫 썸머 나이츠,368
모어 댄 블루,466
미스터 스마일,462
아사코,539
맥베스,682
카운터스,481
후드,2102
메모리즈,877
목격자,466
퓨쳐 월드,288
스텝 바이 스텝,188
더 테이블,431
인투 더 나잇,196
에스코바르,366
마녀,1788
라이브 하드,719
나의 마지막 수트,204
셜록 놈즈,483
너의 췌장을 먹고 싶어,650
당신의 부탁,398
호밀밭의 반항아,324
내 친구 정일우,287
더 보이스,1207
작전명 비스트,195
이비자 언데드,100
이스케이프 플랜 2  하데스,100
인랑,667
1987,2593
미래의 미라이,556
양아치 느와르,277
마라,1867
벽 속에 숨은 마법시계,613
퀴어영화 뷰티풀,100
이탈리안 레이스,290
소성리,199
덕구,960
윌리,1113
골든슬럼버,708
수성못,445
해피엔드,1531
범블비,425
행복의 나라,262
곰돌이 푸 다시 만나 행복해,508
얼라이브,1355
브레이븐,196
버닝,513
액슬,889
덤보,888
왓칭,578
퍼펙트 타겟,264
T 34,2051
미스 스티븐스,260
타임 트랩 킬러,275
그것만이 내 세상,494
블랙 47,661
박열,502
칠드런 액트,626
마이펫의 이중생활 2,370
재심,388
하트스톤,490
프랑켄슈타인,789
쎈서,197
웨스트 사이드 스토리,457
로마의 휴일,956
파이브 피트,720
채비,1996
어둔 밤,372
굿바이 썸머,403
도라에몽  스탠바이미 2,618
지렁이,1477
범죄도시,507
길,2473
"그날, 바다",354
델타 보이즈,200
드래곤볼 슈퍼  브로리,830
시인 할매,465
더 리프트,100
반드시 잡는다,426
어글리 돌,349
일진,2008
린 온 피트,187
맥퀸,970
완벽한 타인,331
환절기,901
할로윈,827
갈매기,1691
콜드 워,475
고질라  킹 오브 몬스터,413
고양이와 할아버지,800
독전,300
신비한 동물들과 그린델왈드의 범죄,375
봉이 김선달,462
숨바꼭질,608
테이크 다운,298
영하의 바람,194
공포의 묘지,692
더 넌,461
용순,540
짱,1923
리지,1416
나의 작은 시인에게,201
파이널 포트레이트,375
프레데터 2018,184
라 멜로디,192
5.18 힌츠페터 스토리,295
밤쉘,723
원스 어폰 어 타임 인 베니스,255
파라독스,1166
극장판 페어리 테일  드래곤 크라이,555
아이 캔 온리 이매진,604
아이 필 프리티,553
레오나르도 다 빈치,639
28세 미성년,1130
미드나잇 선,657
쥬라기 월드  폴른 킹덤,205
이름없는 새,488
벅스 프렌즈,199
빅 식,368
트립 투 스페인,296
전설의 고향,1330
드래곤 프린세스,203
딜레마,1021
무곡,904
해피 어게인,454
포크레인,1054
언더독,606
잉글랜드 이즈 마인,247
디트로이트,630
유전,1405
류이치 사카모토  코다,208
개들의 섬,766
배틀 드론,374
해원,701
애국청년 변희재,343
콜 미 바이 유어 네임,933
메리와 마녀의 꽃,479
로드 투 로마,277
밤은 짧아 걸어 아가씨야,500
쥬만지  새로운 세계,248
팬텀 스레드,614
원더 휠,614
리노,1465
청년 마르크스,446
가족사진,1018
맨 오브 저스티스,521
22,1218
바울,1112
다키스트 아워,582
지구  놀라운 하루,657
사라진 밤,510
피터 래빗,1000
더 펜션,591
라라,2146
50가지 그림자  해방,343
데드풀 2,413
파리 오페라,720
레드 스패로,454
타임 투게더,453
몰리스 게임,349
바라나시,360
할로우 차일드,183
킬링 군터,277
더 바이 바이 맨,285
플로이,1055
어느 가족,850
사이드 이펙트,363
인크레더블 2,926
알리바이 닷 컴,195
언덕길의 아폴론,829
몬스터 파크,897
스카이스크래퍼,476
메가로돈,454
필동,819
휘트니,1121
나를 차버린 스파이,834
컨저링 마녀의 인형,250
더 게스트,802
타샤 튜더,211
픽시,2369
카르멘,1142
에브리데이,1588
서치,1597
더 프레데터,913
해적왕 작스톰,100
몬스터 호텔 3,945
박화영,407
레이디버그,1658
펭귄 하이웨이,843
데스 위시,446
비트윈 랜드 앤 씨,100
토스카,836
창궐,667
샷 콜러,549
더 로저스,211
스페셜 스쿼드,198
맨헌트,607
베러 와치 아웃,252
뷰티풀 투모로우,199
마징가 Z  인피니티,853
앤트로포이드,397
아이다,1603
한낮의 유성,470
추룡,949
톰 오브 핀란드,303
좋아하지도 않으면서,277
그린치,1044
명탐정 코난   제로의 집행인,914
미션 임파서블  폴아웃,366
인 더 더스트,198
대관람차,533
루나,1907
하나 빼고 완벽한 뉴욕 아파트,289
호텔 타지마할,100
업그레이드,1536
리 본,379
이별의 아침에 약속의 꽃을 장식하자,1088
앤트맨과 와스프,208
호텔 아르테미스,448
몬스터,2120
맨 인 블랙  인터내셔널,290
더 보이,722
극한직업,633
굿 라이어,561
워파이터,562
체크 히어로,200
사일런스,1268
이웃집 스타,514
콰이어트 플레이스 2,688
나이브스 아웃,466
디터 람스,478
수상한 교수,403
아픈 만큼 사랑한다,513
디에고,836
명탐정 코난  감청의 권,666
메리 포핀스 리턴즈,470
김광석,1373
브링 더 소울   더 무비,372
크롤,1059
신문기자,448
데드 바이 데이라이트,637
더 플랫폼,816
82년생 김지영,556
이스케이프 게임,366
악몽,1498
10 바이 10,172
더 비스트,418
시민 노무현,563
레토,1278
체이싱,306
카오산 탱고,395
암드,774
여중생A,1235
그 누구도 아닌,255
퀸 오브 하츠,580
부탁 하나만 들어줘,430
너의 결혼식,564
나의 청춘은 너의 것,780
트랜짓,550
재키,984
유령선,955
마피아,1754
내가 사는 세상,199
엔젤 오브 마인,240
호두까기 인형과 4개의 왕국,596
레이니 데이 인 뉴욕,521
라스트 크리스마스,713
캡틴 마블,319
리암 갤러거,319
캣츠,391
뷰티풀 데이즈,435
10년,1880
더 와이프,490
엑시트,298
터미네이터  다크 페이트,462
데자뷰,881
로지,1771
조선명탐정  흡혈괴마의 비밀,656
레슬러,1065
리틀 큐,295
온다,1712
동화,2239
더 컨덕터,244
가을 우체국,750
찬실이는 복도 많지,633
임신한 나무와 도깨비,267
47미터 2,815
지구 최후의 밤,198
브라더 오브 더 이어,197
페르소나,1240
글로리아 벨,635
몬테크리스토,817
아이스,2327
김복동,639
승풍파랑,100
뷰티풀 보이,555
안도 타다오,327
방문객,592
하루,2385
악녀,1443
물의 기억,281
주디,1255
노가리,1215
다크 하트,363
챔피언,1751
탈출,1995
킹덤,1811
폴라로이드,1132
기억의 밤,552
룩 어웨이,465
스파이더맨  파 프롬 홈,266
포르토,719
게이트,2456
하우스 오브 투모로우,100
원 네이션,213
피델리오,546
지푸라기라도 잡고 싶은 짐승들,553
룸 이스케이프,666
억남,825
퍼즐,1991
산타 앤 컴퍼니,100
엠마,1560
루키스,255
레나,1211
롱 리브 더 킹  목포 영웅,284
보통사람,557
세상을 바꾼 변호인,663
빌로우 허,523
애드 아스트라,375
막다른 골목의 추억,272
데드 트리거,393
이스케이프 룸,505
블루스 인 인디아,190
경계선,1139
아담스 패밀리,706
우먼 인 할리우드,247
몽마르트 파파,235
카운트다운,642
속닥속닥,477
아티스트  다시 태어나다,380
열두 번째 용의자,100
빅 브라더,834
팡파레,1189
싸움의 기술,932
이태원,1835
옥자,273
그것  두 번째 이야기,100
행맨,358
레플리카,1613
아무도 없는 곳,601
오피셜 시크릿,169
스트롱거,779
아이즈 온 미   더 무비,306
어쩌다 룸메이트,456
싸이코 킬러,197
임을 위한 행진곡,746
미이라 리턴즈,284
헬로우 평양,100
깡패들,584
트리플 스렛,528
아이스브레이커,183
커런트 워,359
엑스맨  다크 피닉스,299
로드킬,545
글래스,659
거미줄에 걸린 소녀,786
말레피센트 2,507
너와 파도를 탈 수 있다면,723
우리들의 완벽한 세계,627
지금 만나러 갑니다,878
왓 데이 해드,200
뱅드림! 필름 라이브,264
더 크리스마스,425
내안의 그놈,308
검은 여름,823
나를 찾아서,290
닥터 두리틀,661
미드 90,635
"무현, 두 도시 이야기",355
분장,1170
매리,644
월성,1062
제미니 맨,609
시크릿 웨폰,197
예스터데이,731
틴 스피릿,556
마담 프루스트의 비밀정원,579
어메이징 그레이스,907
어스,1198
허슬러,332
걸작,764
"다시, 봄",1980
메이킹 패밀리,158
뷰티플 마인드,198
미나리,1038
다잉,1308
0.0MHz,833
하이 라이프,426
오늘도 평화로운,362
어른이 되면,480
서스페리아,550
정글,1711
아직 사랑하고 있습니까?,297
뮤즈,1309
수상한 이웃,414
더 블랙,1685
번 더 스테이지  더 무비,189
죄 많은 소녀,554
북샵,199
안나,2325
킹스맨  퍼스트 에이전트,829
아이카,1147
로마,2169
장난스런 키스,733
스페셜 솔져,468
마술피리,692
위선자들,195
야곱의 사다리,341
변신,1177
배신자,808
미드웨이,495
헌터 킬러,517
B급 며느리,345
더 킬러,561
스파이더맨  뉴 유니버스,468
7년의 밤,551
소공녀,912
프리즌,1351
조커,435
람보   라스트 워,435
타오르는 여인의 초상,595
닥터 슬립,602
접전  갑을 전쟁,100
해에게서 소년에게,449
쓰루 더 파이어,100
쥬만지  넥스트 레벨,496
크리미널 게임  보석 사기단,100
에베레스트,826
우리 지금 만나,378
영화로운 나날,188
크레이지 리치 아시안,733
더 디너,318
원더풀 고스트,461
러브리스,385
메이트,2340
공작,773
국가부도의 날,519
말모이,627
노크 노크,729
에움길,200
스트레인저랜드,842
하트,2298
올 더 머니,283
슈퍼 버드,100
23 아이덴티티,510
50가지 그림자  심연,323
석조저택 살인사건,257
가미카제,290
제3의 사랑,588
프리 스테이트,200
여자의 일생,1140
하나와 미소시루,309
미인어,628
재꽃,231
여친 엄마,798
누나 친구 2,505
시간위의 집,468
위대한 임무,383
데스노트  더 뉴 월드,755
아마도 내일은,100
더 큐어,413
가족의 재구성,329
로건,368
아토믹 블론드,311
커튼콜,829
레고 배트맨 무비,820
여자들,1836
마틴 에덴,414
옆집소녀,1400
더 파티,1327
샘,1730
7번째 내가 죽던 날,766
화이트 릴리,347
오두막,862
우리 연애의 이력,268
런던 타운,290
초대남,1875
겟 아웃,857
콜로설,439
뮤지엄,1269
초인,502
사냥,1905
브라더후드,377
범죄의 여왕,318
튤립 피버,782
올레,2066
여선생,456
아빠는 딸,692
커터,669
더 서클,490
게임의 규칙,621
킬러의 보디가드,373
더 바,828
트랜스포머  최후의 기사,770
스노든,748
미스 슬로운,773
스캔들,1832
깊은 사정,544
어떻게 헤어질까,100
패트리어트 데이,735
럭키,1445
더 베일,192
더 데이  최후의 심판,196
덩케르크,328
특별수사  사형수의 편지,100
미이라,332
딜쿠샤,282
우리들,1844
내 사랑,1702
트리플 엑스 리턴즈,569
너와 100번째 사랑,789
아수라,686
아우토반,552
여수 밤바다,1193
해피 버스데이,1119
식물도감,1132
베이비 드라이버,508
시암,917
딥씨 챌린지,188
"다시, 벚꽃",396
이 세상의 한구석에,415
히야,399
파울라,612
멜리스,274
러브,2081
테이킹,297
레스큐 언더 파이어,185
블랙 아웃,785
딥,2073
체크 포인트,859
노트르담 드 파리,406
터미너스  인류 멸망의 시작,100
미스 프레지던트,180
더 리콜,302
저수지 게임,437
에이지 오브 투모로우,100
호프만 이야기,198
고양이 케디,263
돌로레스,570
형,2198
예감은 틀리지 않는다,628
거짓말,2019
"날, 보러와요",631
킹스맨  골든 서클,607
바람에 젖은 여자,871
로즈,2238
발레리나,1240
미션 이스탄불,134
블리드 포 디스,438
쇼콜라,1532
킹 아서  제왕의 검,878
파워레인져스  더 비기닝,267
목숨 건 연애,353
아주 긴 변명,275
대결,1124
공각기동대 신극장판,495
키드냅,735
언프렌드,288
라이프,2375
에이리언  커버넌트,242
비뚤어진 집,847
원스텝,327
군함도,528
아이히만 쇼,471
밀정,595
행복 목욕탕,559
나를 잊지 말아요,550
최악의 하루,523
간츠  오,732
엽기적인 그녀 2,830
파밍 보이즈,450
동급생,1104
레지던트 이블  파멸의 날,387
임페리엄,100
특별수사대,100
내 아내의 친구,879
어린 형수 2,198
여교사,657
로그 원  스타워즈 스토리,100
최후의 Z,775
세상끝의 사랑,587
언더월드  블러드 워,382
원피스 필름 골드,1277
씽,531
어바웃 레이,411
나의 살던 고향은,407
페이 더 고스트,249
핵소 고지,1229
"내 어깨 위 고양이, 밥",503
업 포 러브,351
북 오브 러브,310
걸 온 더 트레인,464
미스 페레그린과 이상한 아이들의 집,442
브리짓 존스의 베이비,462
매릴랜드,419
연인과 독재자,531
토니 에드만,451
사랑은 부엉부엉,147
핸즈 오브 스톤,260
어린 아내,832
맛 2016  삼시색기,100
더티 로맨스,195
인페르노,841
매춘 2016,190
섹스가 다이어트에 미치는 영향,579
술탄,729
특이점이 온 영화,655
슈퍼소닉,719
천공의 벌,313
네루다,856
루돌프와 많이있어,296
조선마술사,387
위자  저주의 시작,267
그날의 분위기,504
신밧드 더 무비,100
아기배달부 스토크,378
비밀,1748
러시아 엄마,318
장난감이 살아있다,133
아이엠스타 뮤직어워드,624
오버 더 펜스,675
어우동  주인 없는 꽃,539
낯선 집,192
아내의 사정,588
돌연변이,1561
비바,1331
비치온더비치,297
랑데부,419
대도무문,100
예전부터 계속 좋아했어 ~고백실행위원회~,508
프리 파이어,459
내 남편의 친구,177
감바의 대모험,146
퇴마  무녀굴,827
로스트 인 더스트,359
아프리칸 닥터,100
카페 소사이어티,411
"춘천, 춘천",2093
머니 몬스터,513
선생님의 일기,421
거울나라의 앨리스,485
착한 형수,676
사랑이 이끄는 대로,295
열정같은소리하고있네,626
"금붕어, 여자",189
다음 침공은 어디?,427
스타트렉 비욘드,653
어떤살인,414
나만이 없는 거리,1057
아빠친구,1433
굿바이 싱글,631
분노,1340
아기와 나,743
봉신연의  영웅의 귀환,330
스퀴즈,487
시간의 종말,482
플로렌스,428
이퀄스,307
세상에서 고양이가 사라진다면,723
드림 쏭,137
블랙 라이더,100
나쁜놈은 죽는다,714
드롭박스,1560
분노의 질주  더 익스트림,322
오렌지,1706
목소리의 형태,437
판타스틱 우먼,196
댄서,1364
어느 독재자,664
국가대표 2,626
어떤 가족,396
사슬   두 여자의 유혹,757
밤의 해변에서 혼자,653
그 후,554
더 호드,185
캐리비안의 해적  죽은 자는 말이 없다,232
콩  스컬 아일랜드,600
골드,2165
미션스쿨,196
계춘할망,651
슈퍼 빼꼼  스파이 대작전,100
그곳에서만 빛난다,100
시간이탈자,367
판도라,1588
리얼,154
비스티걸스,196
보스 베이비,375
이터너티,283
음란 기생,494
엄마친구 4,828
어느 여름날 밤에,449
런던 프라이드,619
루시드 드림,653
그린 인페르노,590
파운더,744
마운틴맨,194
딥워터 호라이즌,1058
정글북,1070
내 남편의 가정교사,119
스톱,1052
마이펫 오지,280
미녀와 야수,543
어쌔신 크리드,1729
올리고당 더 무비,517
스페이스 비트윈 어스,315
죽여주는 여자,787
터널,664
스노우타임,292
코리올라누스,199
"나의 위대한 친구, 세잔",365
모즈,753
괴테,834
신 고질라,784
마돈나,1776
스파이더맨  홈 커밍,289
위스키 탱고 폭스트롯,347
나의 절친 악당들,444
글로리데이,774
라이언,2008
인천상륙작전,627
너브,559
신을 믿습니까?,456
얼라이드,349
히든 피겨스,780
터닝메카드W  블랙미러의 부활,507
모아나,463
그랜드파더,261
지랄발광 17세,498
맨체스터 바이 더 씨,647
가려진 시간,497
컨택트,1017
몬스터 콜,567
여비서,829
심야식당 2,808
그레이트 월,723
섬. 사라진 사람들,461
리커버리,816
패신저스,550
처제의 꿈,627
나홀로 크리스마스,385
파파좀비,100
마음이 외치고 싶어해,870
굿타임,532
더 포리너,686
엄마의 맛,185
다운사이징,892
플로리다 프로젝트,557
지워야 산다,188
오버드라이브,638
침입자,789
스노우맨,774
스타워즈  라스트 제다이,260
로스트 인 파리,419
자마,671
당갈,552
땡큐 포 유어 서비스,199
댄싱 베토벤,198
내 이야기!!,774
무문관,374
레지던트 데블,270
스파키,528
로건 럭키,512
12 솔져스,1058
타클라마칸,363
쇼크 웨이브,392
동생 아내,648
그녀는 거짓말을 너무 사랑해,1406
크리미널 스쿼드,275
월요일이 사라졌다,868
더 포스트,431
두 개의 사랑,176
오리엔트 특급 살인,477
뽀로로 극장판 공룡섬 대모험,190
초행,415
브레인 온 파이어,546
빅 배드 폭스,179
"러브, 어게인",791
남한산성,550
빈센트,933
잠깐만 회사 좀 관두고 올게,751
직쏘,516
레고 닌자고 무비,771
미씽  사라진 여자,810
스테이션 7,593
인페르노 타워,189
더 러버스,100
마스터,1930
빛나는,1533
아이 캔 스피크,518
월하,1354
앨리스 죽이기,808
일주일간 친구,917
휴가,1930
살인자의 기억법,461
"당신, 거기 있어줄래요",861
파바로티,624
나는 고양이로소이다,523
얼굴들,851
시소,777
소시민,274
은혼,2069
이월,1288
새디스트,427
삼생삼세 십리도화,960
맨 오브 마스크,400
페르디난드,403
악셀,801
리벤지,1299
델마,491
클로버,1541
콰이어트 플레이스,610
카인드 오브 머더,100
무서운 꿈,360
아오 오니,998
메이즈 러너  데스 큐어,364
온리 더 브레이브,399
콜럼버스,1171
한나,1283
쓰리 빌보드,755
쿠티스,527
장미의 기사,199
고스트 스토리,552
에드워드,1244
리틀 뱀파이어,171
리플레이스,291
몬스터 패밀리,515
레디 플레이어 원,332
삼손,881
안티 큐어,100
몬태나,300
리틀 포레스트  사계절,257
장고 인 멜로디,100
스나이퍼,1213
퍼시픽 림  업라이징,317
무법자,428
달링,999
툼레이더,922
패딩턴 2,771
보리 vs 매켄로,247
드래곤 기사단,875
악의 도시,811
램페이지,696
이상한 나라의 앨리스,360
더 시크릿 하우스,196
매직빈,199
반딧불이 딘딘,397
블리딩 스틸,481
킬링 디어,637
트루스 오어 데어,392
윈체스터,356
치어 댄스,417
깡치,160
사랑하기 때문에,498
구세주  리턴즈,266
나미야 잡화점의 기적,414
버블 패밀리,100
보고싶다,1845
두 남자,1130
토일렛,314
안녕 히어로,186
블랙 쉐도우,287
송 투 송,269
엄마의 직업,125
변강쇠 VS 어우동,579
미래전쟁,532
혼숨,896
빅터 영 페레즈,100
더 스퀘어,473
려행,541
스플릿,931
페니 핀처,461
나인스 라이프,1002
양치기들,194
파리로 가는 길,312
로스트 인 더 퍼시픽,156
더 가디언즈,973
노스맨  바이킹과 늑대군단,100
시칠리아 햇빛아래,215
내가 죽기 전에 가장 듣고 싶은 말,414
언더더씨,536
춘몽,475
윈드 리버,539
풀 스피드,286
심판,1202
헛소동,274
예수는 역사다,369
좀비 헌터,198
근거리 연애,685
외출 2,625
나의 엔젤,600
파괴자들,700
헤드샷,810
산상수훈,680
그것,470
올 아이즈 온 미,490
폴리캅,100
다크 하우스,331
방 안의 코끼리,188
로드,2272
투 이즈 어 패밀리,541
레이디 맥베스,294
나는 증인이다,150
피아니스트 세이모어의 뉴욕 소네트,100
다이노X 탐험대,243
토르  라그나로크,302
데몬 헌터,487
"좋아해, 너를",635
연애담,626
순종,1030
어메이징 메리,779
레더페이스,685
더 월,1192
넛잡 2,225
파크,2787
노 게임 노 라이프  제로,548
성 프란치스코,415
그리다,721
슈퍼 프렌즈,496
블랙버드,903
세 번째 살인,310
어느날,995
다윗과 골리앗,240
더 모델,666
양의 나무,547
뉴 뮤턴트,580
히든 아이덴티티,340
케이지 다이브,255
시크릿 레터,464
러빙 빈센트,569
어린 형수 3,432
라스트 쉬프트,100
러브 앤 아트,186
배드 지니어스,508
기적의 피아노,481
플랜 비,586
아름다운 별,584
어쌔신  더 비기닝,542
인비저블 게스트,836
조용한 열정,100
소나기,1750
미스터 쉐프,186
코코,1987
일본 엄마 2,562
트릭,1203
어 퍼펙트 데이,550
트레이터,210
혹성탈출  종의 전쟁,475
새벽을 알리는 루의 노래,653
아이 앰 히스 레저,248
위시 어폰,393
슈퍼배드 3,518
비밀은 없다,249
돈 슬립,375
빅풋 주니어,222
겟 더 걸,100
위대한 쇼맨,304
걷기왕,520
"나는 내일, 어제의 너와 만난다",453
베놈,335
잃어버린 도시 Z,648
120 BPM,1231
택시운전사,371
아메리칸 메이드,318
블레이드 러너 2049,498
블랙 팬서,435
넬리,1578
두 번째 스물,187
잇 컴스 앳 나잇,248
우리 손자 베스트,100
나홀로 휴가,291
사이코메트리,657
조작된 도시,397
사운드 오브 데스,387
사상,1819
코마,739
더 프롬,771
퍼펙트 스틸,363
스쿨 아웃 포에버,150
굿 보스,128
전쟁,2517
애니멀 체인지,100
기적,1738
리유니언,467
리프레쉬,1118
베르테르,814
웰컴 투 X 월드,294
미스터 존스,329
런 위드 더 헌티드,100
굴뚝마을의 푸펠,405
동백,1920
극장판 귀멸의 칼날  무한열차편,283
디바,1990
니나 내나,669
귀문,448
카센타,1230
라스트 프론티어,201
열아홉,710
싸반,187
파힘,100
종착역,381
엔칸토  마법의 세계,269
침묵의 숲,260
소울,2284
라이더스 오브 저스티스,504
썸머 85,298
나를 찾아줘,382
마이 뉴욕 다이어리,335
앙상블,1149
시크릿 가든,955
베놈 2  렛 데어 비 카니지,409
교실 안의 야크,100
스크림,1445
레벨 16,673
데스 오브 미,100
리메인,787
빌리 홀리데이,267
"조제, 호랑이 그리고 물고기들",709
라자루스,409
올드 가드 인 런던,100
랜드,2465
귀여운 남자,1051
퍼펙트맨,450
봉오동 전투,571
스파이럴,868
스트레스 제로,283
아메리칸 잡,100
싱크홀,427
커피 오어 티,363
국제수사,863
다만 악에서 구하소서,440
슈퍼노바,927
애프터  그 후,350
세자매,1193
걸,2327
잃어버린 얼굴 1895,299
기우제,318
케이지드,100
범털,360
바이킹  블러드 워,244
보더라인,361
용과 주근깨 공주,782
흐린 하늘에 웃다,272
송해 1927,164
여름날 우리,358
7월7일,1372
로마서 8 37,386
카일라스 가는 길,536
나를 구하지 마세요,270
어니스트 씨프,508
서바이벌리스트,629
더 스파이,643
부활,1537
죽지않는 인간들의 밤,393
하우스 오브 구찌,504
라임크라임,478
리슨,783
몬스터 헌터,1867
체르노빌 1986,599
판소리 복서,759
미션 파서블,612
그린 나이트,336
피어 오브 레인,284
우리는 매일매일,483
신의 손,471
오만,1573
다이노 마이 프렌드,100
긴 하루,558
최선의 삶,444
청춘정담,193
불어라 검풍아,100
팜 스프링스,667
인민을 위해 복무하라,579
대한민국 대통령,1126
이터널스,367
팬텀  더 뮤지컬 라이브,100
특송,841
백두산,673
라스트 레터,572
암모나이트,614
신데렐라,1708
어게인,1637
더 파더,572
구원,2013
다크 스펠,190
죽을 때까지,357
쁘띠 마망,391
모가디슈,621
서복,374
올드,1974
"우리, 둘",602
코벤,344
에이리,178
칙 파이트,158
커넥트,2041
스파이더맨  노 웨이 홈,320
학교 가는 길,1110
레미니센스,454
더 퍼지  포에버,199
더 배니싱,100
인싸,1665
히치하이크,256
블라이스 스피릿,299
나만 보이니,383
아웃포스트,485
꿈의 제인,467
퍼스트 카우,542
인플루언서,1627
그린랜드,457
그레타 툰베리,468
고스트 오브 워,791
감쪽같은 그녀,715
웬디,1600
살아남은 사람들,100
썰,2345
스피릿,1326
디스 아메리카노,382
스페이스 잼  새로운 시대,188
정글 크루즈,517
더 듀얼,356
링  더 라스트 챕터,200
노웨어 스페셜,287
시카다 3301,377
버티고,682
내겐 너무 어려운 연애,100
팔리아치,295
포스 오브 네이쳐,753
시라이,626
어트랙션,503
극장판 주술회전 0,789
조제,1324
엑설런트 어드벤쳐 3,750
노트르담,1290
빛나는 순간,475
나랏말싸미,338
다시 만난 날들,464
더 프린세스   도둑맞은 공주,100
아이 빌리브,199
보조바퀴,577
인베이젼 2020,462
세버그,1362
부러진 화살,486
더 나이트,1580
리코리쉬 피자,381
워스,1059
발레리안  천 개 행성의 도시,371
호스트  접속금지,341
나이트메어 앨리,821
카발레리아 루스티카나,373
기억의 시간,478
졸트,284
럭키 몬스터,211
크림,2405
미씽  사라진 딸,149
해변의 에트랑제,570
낫아웃,417
티탄,1039
건파우더 밀크셰이크,427
마르지엘라,1364
인트로덕션,341
프라미싱 영 우먼,320
피드백,1520
드라이브 마이 카,734
인질,671
와일드 마운틴 타임,248
비행,1593
디 아더 사이드,192
라야와 마지막 드래곤,407
앰뷸런스,652
어웨이,1350
더블패티,992
바이러스 Z  백신 대참사,283
잃어버린 아이들,378
더 게이트,661
그리드,1757
왕십리 김종분,195
우리가 사랑이라고 믿는 것,338
나쁜 녀석들  더 무비,606
푸른 호수,457
벌새,599
영면,308
아무도 없다,737
더 박스,981
코드 카림,198
소리꾼,746
어른들은 몰라요,360
램,2118
제이티 르로이,190
정직한 후보,503
히트맨,1149
아이들은 즐겁다,336
로그,2269
사랑하고 사랑받고 차고 차이고,1270
스웨그,520
인퍼머스,744
퍼스트 러브,279
로맨틱 코미디,660
노 맨스 랜드,349
미스터 보스,195
맛있는 영화,472
파이터,1448
너에게 가는 길,397
코만도,907
강릉,2411
미인,1859
미싱타는 여자들,471
머리카락,1918
이스트 워,100
결백,963
이스케이프 룸 2  노 웨이 아웃,100
애니멀 크래커,534
그물,684
그녀의 비밀정원,185
사라진 시간,410
뮤직 앤 리얼리티,160
비밀의 정원,679
아디오스,677
팬데믹,1524
해적  도깨비 깃발,604
테넷,510
집 이야기,625
더 마더,284
블러드하운드,566
아웃브레이크,887
바바리안,1411
극장판 바이올렛 에버가든,552
묵향,1406
비올레타,530
호라이즌 라인,512
게임의 법칙  인간사냥,100
플래시백,1349
미스피츠,199
캔디 위치,192
맨 인 더 다크 2,425
지저귀는 새는 날지 않는다,974
얼론,1295
더 터널,296
주짓수,1301
뉴 오더,610
해머 오브 갓,290
브레이브 언더 파이어,350
마이 미씽 발렌타인,414
유리정원,410
355,1819
일루셔니스트,566
음악,2397
완벽한 가족,794
리버 로드,375
모탈 컴뱃,677
신의 한 수  귀수편,804
레지던트 이블  라쿤시티,903
돌아온다,289
파이프라인,1125
루카,1777
2067,2241
디어 에반 핸슨,487
수색자,394
피넛 버터 팔콘,193
매트릭스  리저렉션,325
내겐 너무 소중한 너,284
최면,1636
에이바,933
스파이의 아내,683
발신제한,815
웨이 다운,396
런,2020
애플,2457
실크 로드,1143
메이드 인 이태리,195
크루아상,1333
더 수어사이드 스쿼드,306
족벌 두 신문 이야기,159
섀도우 클라우드,233
혼자 사는 사람들,225
포이즌 로즈,190
아담스 패밀리 2,659
애프터  관계의 함정,483
뮤턴트 워,100
나일 강의 죽음,438
더 시크릿,712
그렌델,100
타이거 마스크,362
엑시덴탈 러브,342
유다 그리고 블랙 메시아,532
운동회,683
나의 특별한 형제,519
고장난 론,463
고스트버스터즈 라이즈,359
데빌 인사이드 미,100
다크 앤드 위키드,287
굿바이 그리고 헬로우,100
캔디맨,769
어시스턴트,1566
내가 날 부를 때,272
나는 나대로 혼자서 간다,100
미션 임파서블  루벤,396
시라노,784
노바디,819
비하인드 유,377
명탐정 코난  진홍의 수학여행,515
꽃다발 같은 사랑을 했다,489
미드나이트 스카이,205
샹치와 텐 링즈의 전설,291
간이역,710
보스 베이비 2,941
트립 투 그리스,291
와인 패밀리,289
아내를 죽였다,567
"사랑하고 사랑받고, 차고 차이고",603
쇼크 웨이브 2,246
아임 유어 맨,455
반도,707
뮬란,913
사랑이 이긴다,512
좋은 사람,1520
팔로우 미,242
런 보이 런,100
선샤인 패밀리,100
아이스 로드,840
뱅퀴시,261
극장판 시로바코,598
은혼 더 파이널,578
트웬티 해커,220
비커밍 아스트리드,309
꿈꾸는 고양이,100
붉은 눈,731
매미소리,536
스마트폰을 떨어뜨렸을 뿐인데,205
아야와 마녀,776
지니어스 독,279
디어 마이 지니어스,273
자산어보,714
검객,704
습도 다소 높음,496
레드,1616
연애 빠진 로맨스,505
저스티스 리그,351
전투왕,577
할로윈 킬즈,431
에이펙스,2033
더 그레이트 샤크,556
토베 얀손,485
크레센도,904
이웃사촌,593
장민호 드라마 최종회,100
삼진그룹 영어토익반,501
아이 씨 유,409
데이팅 앰버,192
아네트,450
배드 헤어,195
보드랍게,100
가슴이 떨리는 건 너 때문,197
도쿄 리벤저스,2007
피어  마지막 생존자,100
우리집,1845
원더,1481
태백권,607
내가 죽던 날,506
스마일 페이스 킬러,100
피그,1703
리스타트,593
보통날,680
브라더,1652
크루엘라,410
프랑스,2360
죽이러 간다,100
만년이 지나도 변하지 않는 게 있어,207
800,2898
마리오네트,516
신들의 분노,195
경관의 피,559
돈 스피크,188
뱅가드,1207
메가 블리자드,372
경고,1893
젊은이의 양지,284
아이 엠 우먼,465
쇠파리,599
크라이시스,1226
네가 내가 되었으면 좋겠다,188
어나더 라운드,250
맹크,286
원 세컨드,330
미스터트롯  더 무비,253
퍼피 구조대 더 무비,100
인투 더 미러,285
코지 판 투테,192
담보,2077
클라이밍,1866
모범생,1003
리플레이,1382
내일의 기억,625
효자,1162
파워 오브 도그,447
영화의 거리,513
더하우스,1002
알리타  배틀 엔젤,348
맛있는 녀석들,1466
라스트 미션,837
시베리아,1196
쿠르스크,757
슈퍼 햄찌,197
빛이 있으라,294
폐교,564
메이데이,751
브이아이피,290
샐린저,198
언더그라운드,1025
에듀케이션,1053
교회오빠,797
스파이 지니어스,512
언싱커블,277
나이팅게일,839
인생 후르츠,250
봄은 온다,200
벌룬,1415
벤 이즈 백,404
아워 바디,466
철벽선생,550
앵커,1878
삼촌,1136
부력,1107
프로디지,354
원더랜드,1024
장마,1413
인 디 아일,100
어린 의뢰인,628
차일드 인 타임,272
로그북,721
씨 피버,614
게임 오브 데스,199
알라딘,1990
미옥,421
아웃사이더,1278
유열의 음악앨범,297
로그 워페어,185
홈,2238
원라인,448
추적자,622
조조 래빗,547
그집,1012
"동물, 원",452
서부전선,923
호크니,1067
해피 투게더,693
롱 샷,489
안티고네,566
레미  집 없는 아이,366
블러드샷,1396
노무현과 바보들,292
빠삐용,711
염력,544
핌트,100
너의 목소리,1227
동경,2088
애프터매스,281
헌트,1563
언더워터,648
콜드 체이싱,902
더 룸,942
가장 보통의 연애,542
보헤미안 랩소디,361
썬키스 패밀리,295
협상,1595
세인트 주디,265
그링고,695
극장판 원피스 스탬피드,720
요요현상,463
"오늘, 우리",901
프록시마 프로젝트,294
피가로의 결혼,637
PMC  더 벙커,396
잡아야 산다,425
부라더,739
수퍼 소닉,445
장르만 로맨스,452
1917,1723
결혼 이야기,770
대통령의 7시간,319
더 캡틴,584
더 킹,793
바디 오브 씬,100
앳 퍼스트 라이트,140
침묵,1015
우키시마호,395
사랑의 선물,513
더 터닝,381
구스 베이비,426
자전차왕 엄복동,559
페이트 스테이 나이트 헤븐즈필 제2장 로스트 버터플라이,533
터미네이터 솔저,100
메기의 추억,456
싸커 퀸즈,199
나만 없어 고양이,753
보테로,433
왕을 참하라,392
007 노 타임 투 다이,691
다크 워터스,761
에어로너츠,589
슈퍼 레이스,363
밥정,459
출국,1142
블랙머니,477
리벤져,457
호두까기 인형,1032
마이 스파이,1108
킹메이커,783
증인,1334
화이트 온 화이트,249
나의 촛불,480
공조,748
사탄의 인형,887
이수아,286
너를 만난 여름,516
설지,532
폰조,205
1919 유관순,542
토이 스토리 4,391
만담강호,373
괴물들,510
호흡,1409
매니페스토,100
나를 기억해,497
레 미제라블,1475
허니,1151
살인마 잭의 집,658
무녀도,517
졸업,2342
리골레토,280
링스,1128
점보,1385
아메리카 타운,284
호프,1511
브레이크,2489
피의 연대기,222
신과함께 죄와 벌,335
배심원들,563
호텔 뭄바이,534
비정규직 특수요원,496
오 마이 파파,392
갤버스턴,452
리틀 이태리,240
베일리 어게인,645
식구,554
라플라스의 마녀,845
다니엘 이즌 리얼,100
증발,1618
투 프렌즈,100
모털 엔진,382
옹알스,586
챔피언스,1273
우주의 크리스마스,197
좋은 여자,1250
허리케인,1035
스타워즈  라이즈 오브 스카이워커,873
날씨의 아이,405
살인소설,392
페인리스,388
쿠엔틴 타란티노 8,289
소년 아메드,366
와일드 로즈,343
강철비,407
몬스터 랜드,462
엔젤 해즈 폴른,288
시빌,963
장산범,686
로망,1064
리스펙트,982
암전,724
어떤 하루,199
우상,778
캡티브 스테이트,532
호텔 레이크,411
블루 아워,381
두 교황,306
드래곤 길들이기 3,677
휴게소,1656
엘프,1956
대지진,582
명탐정 피카츄,857
울보,1179
사이코패스,1385
파비안느에 관한 진실,543
동키 킹,283
사범,723
헬로 몽키,198
애프터 웨딩 인 뉴욕,191
스노우 화이트,964
10 미니츠 곤,145
위로공단,271
타인은 지옥이다,1271
퍼펙트 내니,190
어멍,474
그때 그들,537
사자,1113
포항,1690
대립군,378
내게 남은 사랑을,361
"봄, 눈",333
레고 무비2,586
드래곤 빌리지,854
라이온 킹,743
헬보이,365
시인의 사랑,426
더 서치,550
뷰티풀 보이스,389
그린 북,617
스코어 투 셔틀,376
디어 마이 프렌드,259
빅 위시,100
프렌드 존,473
소녀가 소녀에게,344
블라인드 멜로디,430
나이트 헌터,592
안시성,908
스킨,2527
테슬라,1688
창은,473
업사이드,615
바람 바람 바람,2303
겨울왕국 2,427
헬 페스트,389
아직 끝나지 않았다,492
프랑스여자,824
써니,1284
프리즈너,1182
운디네,529
네 멋대로 해라  장 뤽 고다르,100
파라다이스 힐스,368
아담,1548
기생충,478
오픈 더 도어,428
미성년,900
정말 먼 곳,142
갱,1747
도망친 여자,372
캐논볼,404
오필리아,876
맨 인 러브,100
나이스 걸 라이크 유,300
젠틀맨,630
코다,398
담쟁이,1163
아들의 이름으로,520
F20,2546
돈 룩 업,481
라스트 나잇 인 소호,804
유어 아이즈 텔,308
더 레이서,247
톰과 제리,1112
미스,2374
퍼펙트 케어,357
귀신,2035
해피 디 데이,292
애월,1119
작은 소망,242
킬 모드,281
콜레트,421
뽀로로 극장판 보물섬 대모험,479
신과함께 인과 연,418
킬 스위치,495
사바하,444
탐정  리턴즈,409
컨택트 2020,888
임금님의 사건수첩,772
시호,1564
마리 퀴리,672
트롤  월드 투어,394
보이스,484
딥워터,620
악질경찰,430
공수도,1102
켈리 갱,240
너의 여자친구,311
타짜  원 아이드 잭,666
콜 오브 와일드,759
대장 김창수,521
에일리언 2020,192
창간호,389
김군,616
기술자들,323
폴리스,2379
암살자들,328
해수의 아이,366
아메리칸 히트맨,100
남매의 여름밤,437
랑종,701
그곳,1213
방법  재차의,704
미드나이트,1214
아홉수 로맨스,100
전야,1620
언차티드,1005
색다른 그녀,173
고백,1220
돌멩이,784
기기괴괴 성형수,401
클리포드 더 빅 레드 독,605
루비,1690
도굴,838
비스트,1365
듄,587
후쿠오카,1155
헤리티지,1574
여타짜,439
인 더 하이츠,821
오케이 마담,628
오션스 게임,226
해피 뉴 이어,455
CCTV,2459
비와 당신의 이야기,587
원샷,1382
소리도 없이,449
트라이얼 오브 더 시카고 7,282
러브라인,689
시동,486
마크맨,951
프로젝트 마스,176
모탈  레전드 오브 토르,150
고 피쉬!,380
1984 최동원,185
부기,1566
스프링 송,1154
아이,2696
어댑테이션,100
카오스 워킹,347
명탐정 코난  비색의 탄환,418
프렌치 디스패치,323
도미노,1398
세인트 아가타,325
양지의 그녀,456
러브 앳,376
더 플랜,419
프린스 코기,409
작은 빛,266
더 길티,435
프리즌 이스케이프,513
아이 엠 마더,367
특별시민,611
남과 여  여전히 찬란한,374
그대 이름은 장미,621
잃어버린 세계를 찾아서,278
미안해 사랑해 고마워,456
로빈 후드,343
어벤져스  엔드게임,308
프리 가이,438
매드 맥스  분노의 도로,380
언더 더 트리,100
배틀 스쿨,473
피델리티,638
익스트랙션,100
와일드 시티,547
불량한 가족,193
메피스토,780
살아남은 아이,403
고양이 여행 리포트,277
비밥바룰라,285
엔젤스 폴른,100
퀸 오브 아이스,150
남산의 부장들,577
축복의 집,100
잔칫날,290
퍼미션,1014
파리 오페라 발레단,100
초이스,807
항거 유관순 이야기,297
안개 속 소녀,422
도어락,800
밤빛,283
먹거나 먹히거나,100
분노의 질주  더 얼티메이트,220
부다페스트 스토리,256
로켓맨,419
울프 콜,659
크게 될 놈,252
워킹 스트리트,657
대전 블루스,199
여름날,1083
페이블,623
광대들  풍문조작단,506
이장,1249
선생님과 길고양이,100
비바리움,403
싸움의 기술 2,468
아틱,624
종이꽃,793
마약왕,924
코드 8,1357
인헤리턴스,445
블랙 위도우,380
어쩌다 아스널,192
기묘한 이야기  리플레이,100
죽이는 여자,559
생일,2308
그레텔과 헨젤,1512
슈퍼문,359
클로젯,827
비블리아 고서당 사건수첩,100
해피 홀리데이,372
보안관,265
뺑반,478
기묘한 가족,901
사랑의 묘약,550
고양이 집사,395
메기,1697
오늘도 위위,282
할로윈  살인마 잭,100
1945  포인트 오브 노 리턴,100
천화,559
소년시절의 너,604
빌리어네어 보이즈클럽,901
헌티드 파크,362
아홉 스님,360
꾼,1186
작가 미상,483
마농,811
"어쩌다, 결혼",576
언니,1533
양자물리학,733
쁘띠 아만다,100
여곡성,1062
사랑은 비가 갠 뒤처럼,1212
서치 아웃,550
소녀의 세계,1063
머니백,534
치즈인더트랩,1857
라스트 풀 메저,482
진범,392
배반의 장미,554
메소드,726
해피 해피 레스토랑,196
바이스,1443
변산,1029
사랑하고 있습니까,570
바람의 언덕,489
가버나움,772
돈,2140
포르노 스캔들,196
저 산 너머,175
작은 아씨들,623
생각의 여름,100
블레어 위치,581
나의 PS 파트너,500
돈 크라이 마미,854
라스트 스탠드,1085
호스트,1169
눈의 여왕,860
뽀로로 극장판 슈퍼썰매 대모험,159
네 무덤에 침을 뱉어라,292
메리다와 마법의 숲,782
베를린,741
드림팀,661
차이니즈 조디악,578
데드폴,438
비러브드,244
태아 3D,200
후세  말하지 못한 내 사랑,356
설인,369
웜 바디스,1444
복숭아나무,732
글로리아,1086
26년,705
퍼시픽 림,420
분노의 질주  더 맥시멈,466
맨 오브 스틸,574
범죄소년,729
오란고교 호스트부,672
세븐데이즈,768
시크릿,1908
링컨 차를 타는 변호사,625
사샤,609
브로큰 시티,573
비포 미드나잇,498
코리아,2010
대학살의 신,352
서칭 포 슈가맨,347
매직 마이크,437
577 프로젝트,524
두레소리,505
톰보이,963
프로젝트 님,100
히스테리아,353
카이츠,100
레지던트 이블 5   최후의 심판,265
조지 해리슨,199
통통한 혁명,256
경복,967
욕망,953
페이스 블라인드,440
해피 해피 브레드,269
헤이와이어,511
반달곰,324
베드,1442
잭 리처,592
플라이트,1805
모모와 다락방의 수상한 요괴들,506
듀엣,741
락 오브 에이지,339
터치,1896
리미트리스,773
스페셜 포스,915
나는 공무원이다,367
제이니 존스,275
미쓰GO,267
화차,486
시체가 돌아왔다,292
피나,940
해피 아워,996
링,2088
뷰티풀 크리처스,327
루이스,1708
미스터 고,570
회초리,1007
고양이를 빌려드립니다,315
엔드 오브 왓치,456
아이언 도어,198
폭스파이어,1432
스트레인저 인사이드,100
내가 고백을 하면,171
회사원,752
남쪽으로 간다,100
에덴,1242
더 자이언트,456
남자사용설명서,628
원피스 극장판 Z,789
몬스터 대학교,1021
남영동1985,785
점쟁이들,448
바다,2222
킬링 소프틀리,460
대상해,576
어바웃 타임,512
바람과 함께 사라지다,638
내가 살인범이다,509
스타로부터 스무 발자국,227
그림자 애인,198
심장이 뛴다,385
버닝맨,149
"광해, 왕이 된 남자",583
더 레터,266
디테일스,256
카페,2586
블러드 C   더 라스트 다크,520
보디가드,783
라운드 업,388
안나 카레니나,820
더 임파서블,798
투건스,407
리멤버,676
다크니스,2162
쉐프,1555
프라미스드 랜드,347
마이 리틀 히어로,381
타워,676
위대한 개츠비,486
루비 스팍스,640
크루즈 패밀리,536
무협,1654
문라이즈 킹덤,521
알렉스 크로스,719
콰르텟,393
실버라이닝 플레이북,868
오즈 그레이트 앤드 파워풀,182
스타트렉 다크니스,341
해피 이벤트,569
바비,851
누나,2345
좋은 친구들,661
깊은 사랑,840
로봇 앤 프랭크,345
잔혹한 앵글의 로망스,100
오하이오 삿포로,179
호프 스프링즈,245
브로큰 서클,392
플레이백,100
버니,1220
여친남친,1133
지저스 크라이스트 슈퍼스타,100
수목장,402
월플라워,332
로렌스 애니웨이,835
슈퍼배드 2,979
섹스 주식회사,283
아무르,603
파라노만,371
신검전설,100
로렉스,762
투혼,857
오싹한 연애,453
붉은 바캉스 검은 웨딩,451
스파이 넥스트 도어,185
퀵,1018
모비딕,609
차가운 열대어,267
클라우드 아틀라스,851
우먼 인 블랙,244
내가 사는 피부,459
홀리 모터스,676
체인드,304
슈퍼스타,1648
루퍼,647
와일드 타겟,179
우리는 동물원을 샀다,410
오래된 인력거,100
완벽한 파트너,234
스페이스 독,100
워 호스,331
007 스카이폴,297
철의 여인,669
완득이,731
웰컴 투 사우스,193
무산일기,296
하이힐을 신고 달리는 여자,664
고지전,751
불륜의 시대,197
오늘,1543
돼지의 왕,100
러브픽션,601
웰컴 투 마이 하트,261
디센던트,657
오직 그대만,919
의뢰인,599
최종병기 활,722
초한지   천하대전,734
동경 표류일기,303
도쿄 오아시스,275
해피 피트 2,367
멋진 인생,498
파라다이스 러브,308
로맨틱 헤븐,311
도망자,698
사물의 비밀,334
너는 펫,592
제로 다크 서티,1091
커플즈,546
캐릭터,1826
블리츠,614
51구역,569
미운오리새끼,468
핑크,475
장고 분노의 추적자,1123
카페 드 플로르,293
은교,949
5쿼터,100
마더스 데이,223
늑대아이,844
빅뱅,1077
슬럿,212
컨빅션,713
프랑켄위니,431
차형사,718
엘르,1322
공모자들,533
주먹왕 랄프,437
파이어 위드 파이어,276
7번방의 선물,431
테이크다운,548
더 헌트,492
피라냐 3DD,783
반창꼬,770
더 트리,491
피에타,328
레드라이트,509
천하영웅,627
헝거게임  판엠의 불꽃,100
모피를 입은 비너스,201
세계일주,887
청아,523
우리도 사랑일까,306
이웃사람,1010
무서운 이야기,1435
90분,200
연가시,754
나쁜 피,260
아르고,1026
맥코리아,576
몬스터 호텔,557
19곰 테드,429
로마 위드 러브,488
천국의 아이들,599
케빈에 대하여,210
려수,100
러시안 소설,308
럼 다이어리,746
화벽,197
스토커,1187
라이프 오브 파이,353
스테이크 랜드,550
터치 오브 라이트,226
업사이드 다운,718
외사경찰,195
깔깔깔 희망버스,100
바이럴 팩터,100
레미제라블,789
로스트 인 타임,100
부귀영화,283
어둠 속의 빛,100
아이언 스카이,487
브로큰,779
오마르,498
에픽   숲속의 전설,448
스톨른,172
흑역사,847
솔로,1498
픽포켓,100
몽타주,502
나츠,857
코스모폴리스,575
리오 2,605
노리개,1000
박수건달,671
클립,1830
무명인,164
위플래쉬,1276
죽지않아,416
연애의 온도,556
론 레인저,450
프라이버시,675
마지막 중독,326
블랙 가스펠,424
에덴의 선택,191
잭 라이언   코드네임 쉐도우,338
신세계,2232
필부,100
터보,1336
파르지팔,487
이별계약,453
스니치,384
내비게이션,651
우리 선희,587
썬더와 마법저택,381
들개들,200
파파로티,623
보호자,490
도희야,864
폴리스 스토리 2014,431
파라다이스 키스,371
프로즌 그라운드,420
더 콜,485
프랑켄슈타인  불멸의 영웅,240
크로스 라인,534
언어의 정원,1225
레드 툼,272
스위치  부춘산거도,256
레바논 감정,156
신이 보낸 사람,614
캐치미,1657
그녀가 부른다,157
넛잡  땅콩 도둑들,448
건,2038
사일런트 스크림,155
블라인드,895
더 파크랜드,273
레드  더 레전드,388
국제시장,884
콜렉션,1064
마이 플레이스,100
디셈버,856
노라노,373
미나문방구,744
개구쟁이 스머프 2,537
소울 오브 브레드,566
인사이드 르윈,620
천주정,234
헬리,1273
"가장 따뜻한 색, 블루",733
결혼전야,596
그 강아지 그 고양이,267
독수리오형제,481
수상한 그녀,599
만찬,524
발칙한 러브스캔들,169
위험한 패밀리,490
프란시스 하,496
감기,976
노아,659
악령,277
퍼펙트 호스트,550
사이비,956
도서관 전쟁,775
스파이 파파,200
변호인,824
캠퍼스 S 커플,388
로보캅,947
톱스타,707
표적이 된 학원,256
벨과 세바스찬,384
청춘예찬,319
철의 꿈,264
아메리칸 배틀쉽,100
필스,230
화피 2,134
잉투기,784
행복한 사전,702
다이버전트,1066
비밀의 아코짱,267
트러블 메이커,1501
오르가즘 다이어리,259
아무도 머물지 않았다,513
잉여들의 히치하이킹,306
엣지 오브 투모로우,443
배틀 오브 비보이,307
롤러코스터,1376
다크 스페이스,242
유혹의 기술,355
마드모아젤 C,192
살인자,1184
신의 선물,1528
클린스킨,168
파커,1033
스턱 인 러브,167
그렇게 아버지가 된다,546
어웨이크닝,1148
캡틴 하록,747
겨울왕국,843
진저 앤 로사,201
월드 워 좀비,616
완전범죄 프로젝트,339
에너미,1277
세이빙 산타,874
노브레싱,442
"협녀, 칼의 기억",492
타투,1397
오싱,510
이스케이프 플랜,559
저스틴,208
특수경찰  스페셜 ID,585
스마일리,193
베일을 쓴 소녀,431
창수,464
굿모닝 맨하탄,217
히트,1138
뫼비우스,851
갬빗,408
미스 좀비,191
300  제국의 부활,324
마테호른,720
파가니니  악마의 바이올리니스트,316
노예 12년,1084
아메리칸 허슬,524
윤희,895
달라스 바이어스 클럽,276
더 바디,872
다이애나,953
세이빙 미스터 뱅크스,277
월터의 상상은 현실이 된다,445
마약전쟁,465
러브 인 비즈니스클래스,270
화이트 스톰,100
동창생,552
미하엘 콜하스의 선택,490
지젤,833
써커,259
멜로,608
히어로,2091
명왕성,1058
올드보이,958
그녀,1673
런닝맨,828
베이트,506
스틸 라이프,518
도둑들,600
그리고 싶은 것,100
엘리시움,730
링크,1835
일대종사,1132
두 여자,359
드래곤 에이지,1113
5 데이즈 오브 워,212
내 여친은 피규어,442
젊은 엄마,271
필로미나의 기적,409
조,2197
마지막 4중주,258
프린세스 사쿠라,265
세상의 끝까지 21일,294
더 퍼지,843
무서운 이야기 2,682
슈퍼히어로,882
쩨쩨한 로맨스,408
2차 노출,665
홀리,1192
애프터 루시아,157
어느 비행사에 대한 추억,327
더 울버린,556
저스트 어 이어,390
고령화 가족,406
나에게서 온 편지,682
넘버스 스테이션,506
투 마더스,241
인 더 하우스,100
아름다운 유산,100
컨저링,1140
페어리,1505
개들의 전쟁,194
마마,1104
굿닥터,568
거미의 땅,293
컴플라이언스,491
사일런트 하우스,100
하이크,194
늑대소년,899
짚의 방패,308
전쟁과 한 여자,527
2 데이즈 인 뉴욕,100
킬링시즌,1027
러블리 몰리,100
가디언즈,747
마린,1513
아워 이디엇 브라더,451
아티스트 봉만대,571
바람의 검심,737
간첩,885
파수꾼,522
쇼를 사랑한 남자,391
네버다이 버터플라이,100
이파네마 소년,384
링컨,1337
헤이츠,337
백야,1012
로봇G,466
아버지의 이메일,100
테이큰 2,791
바람이 분다,1055
춤추는 숲,261
개똥이,535
맛있는 섹스   인연,188
빅 웨딩,541
소수의견,535
드리프트,1154
하울링,484
트랜센던스,833
더 콩그레스,346
감시자들,442
백악관 최후의 날,235
붉은 가족,756
어네스트와 셀레스틴,272
일탈여행  프라이빗 아일랜드,161
조난자들,461
비바 프랑스,156
브랜디드,857
컴다운,284
허풍,498
퍼펙트,1757
테르마이 로마이,100
애프터 어스,789
사랑은 당신,1218
세이프 헤이븐,484
러브레이스,775
인터섹션,100
가시꽃,1038
러브씬,201
헬터 스켈터,736
플랜맨,648
집으로 가는 길,397
체르노빌 다이어리,182
화이트 하우스 다운,785
포화속의 우정,100
남쪽으로 튀어,828
생생활활,381
시베리안 에듀케이션,100
그레이스 오브 모나코,317
청야,100
남자가 사랑할 때,1002
뇌남,100
더 팩트,182
009 사이보그,439
히든 카드,961
3096일,484
퍼시픽 모비딕,307
더 웹툰  예고살인,426
블링 링,100
잡스,394
콤플렉스,162
더 테러 라이브,414
도둑,1683
소원,1175
조금만 더 가까이,587
적과의 동침,274
에일리언 비키니,390
전설의 주먹,1100
올 이즈 로스트,371
엔더스 게임,735
마이 라띠마,351
카오스,1740
설국열차,557
프리즈너스,368
드래곤볼Z   신들의 전쟁,463
비히클 19,351
베이타운 디스코,100
롤플레이,495
꼭두각시,661
기억의 소리,196
플레이스 비욘드 더 파인즈,271
데블스 더블,199
공정사회,539
넥스트 투모로우,183
라자르 선생님,400
케이온,1484
초능력자,282
천하칠검 양가장,255
평양성,539
파파,641
이민자,1161
파괴된 사나이,381
간증,1081
메가마인드,367
트론  새로운 시작,198
리멤버 미,400
악마를 보았다,512
쏘우 3D,880
라스트 엑소시즘,377
킬러스,328
이층의 악당,168
스즈미야 하루히의 소실,519
어쿠스틱,1022
무적자,450
데블,214
마법사의 제자,383
친정엄마,447
세인트 클라우드,631
익스펜더블,511
몬스터즈,924
하하하,303
사랑을 카피하다,594
비우티풀,274
대병소장,412
일라이,600
베스트셀러,420
꽃비,100
슈렉 포에버,246
신과 인간,502
런어웨이즈,253
엣지 오브 다크니스,221
베스트 키드,151
소셜 네트워크,432
요술,347
방자전,563
맨발의 꿈,495
소라닌,375
반가운 살인자,540
마셰티,469
베니싱,673
돌아오는 길,100
시간을 달리는 소녀,333
라스트 갓파더,326
김종욱 찾기,503
메카닉,790
뒤에서 앞에서,248
월드 인베이젼,565
언스토퍼블,295
캣츠 앤 독스 2,256
퍼머넌트 노바라,191
꿈은 이루어진다,425
솔트,402
센츄리온,474
마루 밑 아리에티,416
당신은 아름답다,255
아저씨,999
햄릿,1077
프레데터스,525
하녀,653
나탈리,346
제인 에어,278
여덟 번의 감정,100
먹고 기도하고 사랑하라,532
상실의 시대,650
랭고,549
만추,418
플립,852
내 깡패 같은 애인,494
시,2085
윈터스 본,165
더 빌리지,817
디스트로이어,1173
까치발,349
발광하는 현대사,825
어제 일은 모두 괜찮아,371
포드 V 페라리,399
어벤져스  인피니티 워,285
열대야,675
너는 달밤에 빛나고,807
완벽한 살인,200
컨덕트,298
아쿠아맨,487
패트리어트 워,100
이상한 게임,403
데드 돈 다이,425
세컨 찬스,356
맹글혼,197
재키 앤 라이언,200
독고다이,595
돈 워리,764
빅,2537
들꽃,1118
차일드 44,379
바우하우스,563
배트맨 대 슈퍼맨  저스티스의 시작,369
극장판 기븐,819
애나벨 집으로,300
스왈로우,868
검은손,433
마당을 나온 암탉,915
크레이지,954
울프맨,153
베를린 신드롬,672
그린 존,430
이끼,706
셔터 아일랜드,505
행복한 울릉인,215
페어웰,637
트루 시크릿,366
심야식당,1148
곤지암,604
게스트하우스,531
레이디 버드,865
맘,2013
리틀 조,100
잘리카투,150
바다로 가자,191
극비수사,476
페인 앤 글로리,687
100미터,540
트롤,1628
더 웨이브,522
24주,409
쥬라기공원  다이노어택,100
웨딩스캔들,445
고질라,521
웨이크 우드,186
인 타임,512
위도,1325
프렌즈 위드 베네핏,748
고양이 춤,366
헬프,717
7광구,880
코쿠리코 언덕에서,570
마징카이저,655
나비와 바다,268
쓰리,1553
지골라,178
슬리핑 뷰티,292
언피니시드,222
U.F.O.,990
더 데이,407
디어 한나,353
말하는 건축가,367
가비,649
컨테이젼,522
킬러 엘리트,497
타이탄의 분노,639
사운드 오브 노이즈,297
나넬 모차르트,100
배틀쉽,593
인시디어스,397
카프리치오,423
레스트리스,200
새크리파이스,479
겨울나비,100
슈퍼 에이트,291
폭풍의 언덕,593
두더지,961
러브 앤 프렌즈,446
혈투,355
북촌방향,752
내일의 죠,252
레지던트,1133
50/50,1570
플레이,2287
멜랑콜리아,433
아티스트,406
리오,1733
파우스트,728
다크 나이트 라이즈,512
리얼 스틸,465
스톤,2142
서풍렬,164
백사대전,513
타워 하이스트,400
만화방,1023
킬링 타임,233
다슬이,159
비기너스,448
풍산개,431
틴틴   유니콘호의 비밀,707
워리어,1122
불량남녀,294
코파카바나,100
수상한 고객들,597
어브덕션,723
너무 밝히는 소녀 알마,609
원 데이,195
프로메테우스,445
파이판,100
다크 섀도우,695
하나안,264
비버,344
특수본,521
멋진 악몽,529
더 콜러,100
원더풀 라디오,384
서약,460
런던 블러바드,810
로얄 어페어,155
타이타닉 2,531
말리,1151
밍크코트,799
마이 백 페이지,196
시간의 숲,396
크레이지 호스,291
본 레거시,819
어머니,369
버니드롭,373
헤드헌터,295
아르마딜로,604
네버엔딩 스토리,257
저스티스,175
돈의 맛,789
퍼펙트 게임,750
크로니클,446
양자탄비,197
팅커 테일러 솔저 스파이,825
철권  블러드 벤전스,268
간기남,1036
물고기,1853
레이드   첫번째 습격,214
테이크 쉘터,415
휴고,228
움,1577
컷,1670
콘트라밴드,399
미드나잇 인 파리,491
줄탁동시,358
머신건 프리처,384
가족의 나라,400
악인은 너무 많다,212
백설공주,1236
콜드 라잇 오브 데이,446
플라스틱 섹스,345
건축학개론,518
어벤져스,686
비스트 앵콜 콘서트 3D,213
용문비갑,290
가시,1261
홈 스위트 홈,590
베스트 엑조틱 메리골드 호텔,686
별이 빛나는 밤,1440
더 그레이,253
디스 민즈 워,325
아더 크리스마스,450
결정적 한방,291
레전드 오브 래빗,520
빅 미라클,486
도가니,882
넉 아웃,337
더 브레이브,305
심도,850
그을린 사랑,430
웨이 백,394
친구와 연인사이,443
소스 코드,558
언노운,443
그대를 사랑합니다,986
짐승의 끝,196
토리노의 말,264
비스틀리,636
라이크 크레이지,689
아웃레이지,218
베리드,1015
벡,774
127시간,531
라푼젤,288
하얀 정글,329
워리어스 웨이,441
디어 미,270
천녀유혼,789
황당한 외계인  폴,600
평범한 날들,196
미트 페어런츠 3,191
맛있는 인생,261
굿모닝 에브리원,422
헤드,1563
투어리스트,372
체포왕,151
달빛 길어올리기,404
듀 데이트,355
알파 앤 오메가,459
아프리카의 눈물,494
스물 아홉살,100
히어애프터,804
바보야,668
워터 포 엘리펀트,521
허블 3D,525
트랜스포머 3,834
황해,375
상하이,499
노다메 칸타빌레 최종악장,542
걸리버 여행기,661
타운,2148
글러브,408
줄리아의 눈,955
레드라인,298
노미오와 줄리엣,506
써커 펀치,654
래빗 홀,325
더 라이트  악마는 있다,375
스크림 4G,431
킹스 스피치,378
라스트 나잇,498
컨트롤러,1013
씨민과 나데르의 별거,362
킬 스피드,100
사라의 열쇠,389
내 이름은 칸,381
플라워즈,328
아메리칸,1206
고스트  보이지 않는 사랑,183
수상한 이웃들,327
챔프,1040
드라이브,1599
굿바이 홈런,199
뷰티풀 엑스,100
신들의 전쟁,581
양과자점 코안도르,215
페스티발,504
카 2,941
이소룡전,337
기생령,740
명탐정 코난   침묵의 15분,416
헤어드레서,100
퍼스트 어벤져,698
나는 아빠다,505
은어,949
로프트,781
악인,389
트루맛쇼,355
위험한 상견례,385
토이 스토리 3,790
해결사,303
프리스트,742
혹성탈출  진화의 시작,816
별을 쫓는 아이,689
퍼펙트 센스,313
머니볼,639
통증,1836
트리 오브 라이프,750
그레이브 인카운터,789
더 레이디,257
사랑이 무서워,620
쓰리 데이즈,239
용서,720
앙드레 마티유,505
시라노; 연애조작단,478
부당거래,431
창피해,352
블랙 스완,667
2AM SHOW,552
집,1744
치코와 리타,204
로맨틱 크라운,438
콜롬비아나,634
내 여자친구의 결혼식,433
샤오린   최후의 결전,196
엘리트 스쿼드 2,344
컬러풀,529
파퍼씨네 펭귄들,590
굿바이 보이,199
애정만세,337
타이페이 카페 스토리,258
포인트 블랭크,323
슬랩스틱 브라더스,248
세상에서 가장 아름다운 이별,251
인터스텔라,397
논스톱,462
부산행,540
와일드 카드,697
19곰 테드 2,618
타이거 마운틴,100
도쿄 트라이브,590
판타스틱 4,1136
트립 투 이탈리아,536
트레이서,511
아메리칸 하이스트,551
극적인 하룻밤,566
벨라 키스,100
기생수 파트2,710
노아의 방주  남겨진 녀석들,293
나는 야한 여자가 좋다 3,100
위험한 상견례 2,414
연애의 맛,812
어느 하녀의 일기,679
차이나타운,969
터치 바이 터치,418
캡틴 아메리카  윈터 솔져,313
세레나,853
울프,1300
코인라커,309
연인들,1348
미스터 하이네켄,554
스누피  더 피너츠 무비,457
우먼 인 골드,844
레전드 오브 래빗  불의 전설,100
리스트,2255
구울,1641
트래쉬,281
정복자 1453,438
잡식가족의 딜레마,150
무뢰한,369
논픽션 다이어리,322
리우 2096,195
스티브 잡스,1015
네이든,720
어거스트  가족의 초상,899
존은 끝에 가서 죽는다,133
비행소년,100
테레즈 라캥,478
킬 유어 달링,877
고백할 수 없는,100
화장실의 피에타,326
친절한 가정부,291
K 미싱 킹즈,166
카운슬러,451
미스체인지,639
간신,459
플랑크 상수,481
손님,1096
리틀드래곤 코코넛,100
청춘의 증언,395
일개인적무림,617
라이드   나에게로의 여행,304
오피스,2554
여배우는 너무해,411
투 라이프,466
주피터 어센딩,370
키리시마가 동아리활동 그만둔대,524
야쿠자 대 닌자,100
툼스톤,605
아리아,1568
위자,676
러덜리스,445
진링의 13소녀,388
트리하우스,701
포장마차,1399
오늘영화,1269
범죄의 제국,304
라이즈 오브 더 레전드  황비홍,492
살인재능,199
퍼스트맨,579
선지자의 밤,100
나를 미치게 하는 여자,606
그리울 련,205
암살교실,2095
스파이 브릿지,459
디올 앤 아이,194
데드풀,586
사우스포,742
픽셀,966
앙  단팥 인생 이야기,295
스킨 트레이드,150
함정,910
인턴,1139
파괴자,457
노블,1606
그들이 죽었다,100
뮨  달의 요정,100
하늘을 걷는 남자,339
난 그녀와 키스했다,614
아메리칸 울트라,772
소꿉놀이,728
원령,1056
섹스 러브 앤 테라피,100
데싸우 댄서스,100
갤로우즈,708
미션  톱스타를 훔쳐라,199
피케이  별에서 온 얼간이,389
앨리스  원더랜드에서 온 소년,200
블러바드,364
마션,612
아브릴과 조작된 세계,293
신의 전쟁,271
명탐정 코난   화염의 해바라기,677
더 포저,274
더 비지트,835
러브 인 프로방스,285
슈퍼레이서 엔지,196
에이미,591
제 7기사단,519
순교,872
젊은 엄마 3,489
"고산자, 대동여지도",630
애프터이미지,142
화산고래,100
인생면허시험,100
마님,784
수어사이드 스쿼드,383
썸니아,282
미스 히스테리,100
사탄의 사자  망자의 저주,865
칼릴 지브란의 예언자,273
피닉스,1317
포인트 브레이크,779
트랜스포터  리퓰드,536
대니쉬 걸,1066
폴레트의 수상한 베이커리,196
셀프/리스,828
온리 유,536
모든 비밀스러운 것들,254
호비와 엄마나무섬의 비밀,198
몬스터 호텔 2,732
더 기프트,603
션샤인 러브,189
아마조니아,655
이스케이프,829
성난 변호사,613
폴링,912
짓2  붉은 낙타,520
러브 앤 머시,500
영도,1116
눈길,503
갓즈 포켓,151
더 리치,646
레버넌트  죽음에서 돌아온 자,973
인사이드 아웃,501
리그레션,346
스트레이트 아웃 오브 컴턴,490
돼지 같은 여자,460
램스,310
결혼하지 않아도 괜찮을까,651
디태치먼트,458
미스터 나이스,150
사랑의 유효기간은 3년,450
블루 발렌타인,179
스와핑 클럽,443
노랑머리   플라스틱 섹스,198
러브 이즈 크라임,446
컨트롤,1932
신부의 아이들,212
창문 넘어 도망친 100세 노인,456
다이노소어 어드벤처 3D,190
고스톱 살인,236
숲의 전설,324
파이어스톰,571
박물관이 살아있다   비밀의 무덤,320
거꾸로 된 파테마,364
악의 연대기,615
코멧,733
명량,551
블루 재스민,299
학교 가는길,613
노엘의 선물,451
풍경,1810
21 앤드 오버,196
내일을 위한 시간,247
블랙딜,437
웨스턴 리벤지,959
벌거숭이,682
매직 인 더 문라이트,740
클라우즈 오브 실스마리아,423
세인트 빈센트,792
완전 소중한 사랑,450
정글히어로,341
나는 왕이로소이다,638
은실이,100
브레이킹 던 part2,513
MB의 추억,544
슈퍼노바 지구 탈출기,286
캐빈 인 더 우즈,581
다이노 타임,610
호타루의 빛,687
데인저러스 메소드,209
벨 아미,328
"그 시절, 우리가 좋아했던 소녀",996
스탠드업,196
언더 더 스킨,799
가구야공주 이야기,461
그래버스,100
세이프 하우스,235
섀도우 댄서,100
시스터,741
바바라,716
노크,550
가디언스,689
데이 앤 나이트,195
아버지의 초상,404
테일 오브 테일즈,718
디판,100
산하고인,277
크로닉,545
자객 섭은낭,472
더 랍스터,374
씨 오브 트리스,272
명량  회오리 바다를 향하여,278
집으로 간다,100
미션 임파서블  로그네이션,356
바닷마을 다이어리,578
메이즈 러너  스코치 트라이얼,317
에벌리,323
어바웃 리키,322
캡틴 필립스,601
아름다운 유혹,418
엘리펀트 송,530
미쓰 와이프,545
투모로우랜드,625
경성학교  사라진 소녀들,648
신은 죽지 않았다,863
미스 줄리,363
지구대충돌,100
유스,1738
사울의 아들,512
라우더 댄 밤즈,190
쥬라기 월드,447
"땡큐, 대디",589
캐롤,946
나쁜 녀석들,1480
부곡 하와이,636
더 건맨,466
7공주 대리운전,618
미궁  비밀애,124
허니문,379
택시,2111
45년 후,201
나의 어머니,660
스파이,1189
아스테릭스  신들의 전당,266
태평륜 피안,185
맛있는 택배,179
내부자들,682
워킹걸,694
몬스터 왕국,613
닌자터틀,606
탐엣더팜,198
더 타겟,369
샌 안드레아스,822
팔로우,534
생 로랑,1277
슬로우 비디오,522
그림자들의 섬,181
상의원,466
백여우 전설,179
무드 인디고,713
나의 사랑 나의 신부,615
꼬마 유령,169
신이 말하는 대로,1181
몽골리안 프린세스,356
령   저주받은 사진,241
원초적 본능 2015,100
러브 펀치,676
윈드랜드,172
팬,2171
디렉터스 컷,100
베스트 오브 미,338
파울볼,768
007 스펙터,695
비비안 마이어를 찾아서,618
헤라클레스   레전드 비긴즈,407
은밀한 가족,247
시럽,1581
약장수,629
크림슨 피크,862
타이밍,1518
수색역,496
원 와일드 모먼트,511
세일즈맨,1058
애비,1021
앵그리버드 더 무비,461
미라클 프롬 헤븐,369
러빙,770
위드,1960
유아 어글리 투,197
탐욕,784
외박  친구의 여자,625
본 투 비 블루,355
사다코 대 카야코,583
고양이는 불러도 오지 않는다,487
바르샤 드림스,100
캄포스,261
서프러제트,627
서머지드,276
옆집 누나,1297
갤럭시 히어로즈  라쳇 앤 클랭크,100
오만과 편견 그리고 좀비,980
꺼져버려 종양군,190
젊은 엄마 4,231
일본패망하루전,355
입영전야,120
로빈슨 크루소,296
레이디 수잔,379
노후 대책 없다,230
미스터 라잇,372
미 비포 유,465
고스트버스터즈,439
밀그램 프로젝트,100
얼굴도둑,483
빅뱅 메이드,248
컨저링 2,725
시크릿 인 데어 아이즈,357
눈발,446
물숨,197
마담 B,263
사랑에 미치다,451
이레셔널 맨,407
그럼에도 불구하고,511
도리를 찾아서,577
부모님과 이혼하는 방법,278
남녀의 궁합,409
마카담 스토리,246
검사외전,496
양귀비   왕조의 여인,100
라스트 홈,912
비거 스플래쉬,318
런던시계탑 밑에서 사랑을 찾을 확률,588
나우 유 씨 미 2,533
킬 미 달링,287
나쁜 나라,725
스포트라이트,657
더 셰프,653
몬스터 헌트,447
브루클린의 멋진 주말,255
하드코어 헨리,501
혼자,2014
스윗 프랑세즈,342
디시에르토,502
트윈스터즈,941
헌츠맨  윈터스 워,395
스타워즈  깨어난 포스,850
언노운 걸,498
아이 인 더 스카이,499
무국적소녀,187
퍼스널 쇼퍼,601
"나, 다니엘 블레이크",374
5월 1일,661
행복까지 30일,421
매직브러시,267
사랑과 음악사이,457
프레스,2041
레전드 오브 타잔,299
캡틴 판타스틱,532
레드  위험한 유혹,100
잔예   살아서는 안되는 방,276
로렐,332
데몰리션,925
극장판 유희왕 더 다크 사이드 오브 디멘션즈,100
마이 리틀 자이언트,555
랜드 오브 마인,1004
외도,1114
한강블루스,271
실종  사라진아내,534
트루스,826
나이스 가이즈,380
미친개들,203
신비한 동물사전,475
걱정말아요,1283
문라이트,1061
크리피  일가족 연쇄 실종 사건,491
자백,658
벤허,580
더 폰,199
피터와 드래곤,100
너의 이름은.,624
잭 리처  네버 고 백,539
녹터널 애니멀스,625
미스터 캣,274
프란츠,651
돈 맛,782
립반윙클의 신부,705
닥터 스트레인지,465
까시,1395
젊은 형부,815
"불량소녀, 너를 응원해!",376
빅 스카이,100
매그니피센트 7,438
침대렐라,464
귀담백경,163
특종  량첸살인기,229
파리의 한국남자,197
도리화가,761
어카운턴트,435
위풍당당 질리 홉킨스,199
바다의 뚜껑,529
다시 태어나도 우리,342
휴먼 레이스,100
새오빠,267
맨 인 더 다크,312
바스티유 데이,673
설리  허드슨강의 기적,827
지니어스,1128
파도가 지나간 자리,483
라라랜드,319
쿠보와 전설의 악기,291
마터스,509
라인 오브 듀티,100
메카닉  리크루트,465
당신자신과 당신의 것,193
엄딸,100
패터슨,494
줄리에타,515
엘비스와 대통령,100
플래그 더 문,100
태풍이 지나가고,459
크리미널,815
제이슨 본,407
바람난 여자들,523
미나미 양장점의 비밀,388
마일스,556
백엔의 사랑,208
엑스맨  아포칼립스,735
미스터 홈즈,266
무한대를 본 남자,1013
나의 소녀시대,907
경계,1495
삼례,409
사랑과 어둠의 이야기,151
커뮤터,390
매기스 플랜,520
나의 산티아고,418
히치콕 트뤼포,566
라이트 아웃,478
뷰티풀 레이디스,274
쥬랜더 리턴즈,546
엄마친구 2,746
달빛궁궐,556
노조키메,446
나의 딸,272
란제리 사나이,100
맛있는 떡,186
네온 데몬,616
감출 수 없는 본능 몰카,198
내 이웃의 아내,822
나이트 오브 컵스,345
착한 여비서의 목적,158
캠핑,1963
슈퍼 밥,546
명탐정 코난  순흑의 악몽,1005
니나 포에버,294
프랑코포니아,100
어린왕자,1386
친구 누나,1451
오 마이 그랜파,321
단지 세상의 끝,436
맛있는 만남,289
야한밤 심야극장,100
마가렛트 여사의 숨길 수 없는 비밀,100
일사각오,375
비트윈 어스,100
뷰티풀 프래니,156
등산의 목적,201
위켄즈,188
퀸카가 아니어도 좋아,348
데몬킹스,358
다른 길이 있다,420
13시간,821
살인의 늪,484
순정,2248
고양이 사무라이 2,198
주토피아,411
택시  나이트페어,282
히어 애프터,275
썰만화,2410
죽은 자의 제국,742
아오하라이드,1671
파라노말 액티비티  더 고스트 디멘션,100
클로버필드 10번지,869
트럼보,501
월터 교수의 마지막 강의,207
유리의 꽃과 부수는 세계,208
신은 죽지 않았다 2,234
트리플 9,393
문영,674
덫,465
독수리 에디,968
포레스트  죽음의 숲,565
나의 그리스식 웨딩 2,312
라이즈 오브 좀비,100
아빠가 돌아왔다,100
하이 라이즈,435
번개맨,1055
피스 오브 케이크,302
춘희막이,541
미스컨덕트,620
기도의 힘,197
뜨거운 이웃,208
로베르토의 특별한 일주일,100
캡틴 아메리카  시빌 워,576
무수단,525
앤트맨,1029
뮤턴트 둠스데이,100
치외법권,344
헝거게임  더 파이널,828
엄마친구,1592
버스 657,459
대니 콜린스,565
마담 보바리,521
"서툴지만, 사랑",329
구스범스,1068
인시디어스 3,918
트루스 어바웃 엠마누엘,225
지금은맞고그때는틀리다,407
홀리워킹데이,100
일급 살인,364
써드 스타,100
맨 프롬 UNCLE,406
드레스메이커,291
야한 누나들,156
너는 착한 아이,242
굿바이 버클리,298
갓 오브 이집트,458
서울야행,100
널 기다리며,465
레터스 투 갓,304
좋아해줘,514
황진이,975
하프,1516
살인게임,236
브루클린,1421
러브 앤 피스,200
빅쇼트,586
나도 때론 포르노그라피의 주인공이고 싶다,198
한양기방 명기전,100
스타드 업,362
클랜,1724
로맨스 조,462
33,2632
퀸 오브 데저트,199
사돈의 팔촌,100
할머니의 먼 집,195
챔피언 프로그램,549
유부녀들,264
태양 아래,383
겁쟁이 페달  더 무비,188
산이 울다,166
앨빈과 슈퍼밴드  악동 어드벤처,386
"로봇, 소리",568
대배우,387
앱솔루틀리 애니씽,326
인 더 섀도우 오브 우먼,100
고스트 헌터  얼음 몬스터의 부활,287
불온한 당신,369
캠퍼스 오바마 전쟁,160
자유연애시대,164
뽀로로 극장판 컴퓨터 왕국 대모험,100
개구리왕국,208
굿 다이노,548
룸,2273
프레셔,505
보루토   나루토 더 무비,416
어떤이의 꿈,507
헤이트풀8,692
리틀 보이,419
런던 해즈 폴른,615
귀향,456
맨 앤 치킨,100
마이펫의 이중생활,627
프랑스 영화처럼,461
슬리핑 위드 아더 피플,535
트립 투 잉글랜드,195
"금지된 섹스, 달콤한 복수",218
위대한 소원,622
P.S. 걸,187
누나 친구,939
늙은 자전거,197
위험한 섹스,100
하트 오브 더 씨,565
짱구는 못말려 극장판  나의 이사 이야기 선인장 대습격,290
라스트 위치 헌터,366
이웃집에 신이 산다,495
대호,770
앱,2767
셜록  유령신부,204
그녀가 죽은 밤,308
스틸 플라워,483
워크래프트  전쟁의 서막,217
리턴 투 센더,250
아이스 에이지  지구 대충돌,197
갈리폴리 상륙작전,184
사일런트 하트,194
레전드,2331
이니시에이션 러브,236
조이,2028
프란치스코,905
캘린더걸,132
세기의 매치,588
동주,763
남과 여,1519
더 크로니클  뮤턴트의 반격,275
시카리오  암살자의 도시,316
요노스케 이야기,199
덕혜옹주,463
싱 스트리트,373
애마부인 2016,449
탐욕의 별,100
겟 어웨이 오브 러브,197
극장판 안녕 자두야,351
카이  거울 호수의 전설,267
마이크롭 앤 가솔린,294
앙리 앙리,1579
스푹스 MI5,231
라이엇 클럽,736
검은 사제들,480
아노말리사,479
인투 더 포레스트,100
당신을 기다리는 시간,361
제로 모티베이션,325
프리덤,1474
더 테러리스트,555
아이 엠 어 히어로,860
캅카,194
필름시대사랑,184
그놈이다,464
울보 권투부,454
리얼 술래잡기,975
줄루 범죄도시,278
눈꺼풀,1492
맛있는 비행,189
미스트리스 아메리카,320
400 데이즈,643
괴물의 아이,804
오빠생각,715
그래비티,452
오즈의 마법사  돌아온 도로시,347
네이키드 걸,569
페이스 오브 러브,390
은밀하게 음란하게,153
스퀴시랜드,281
탐정 홍길동  사라진 마을,300
신의 전사,100
플러쉬,317
이미테이션 게임,759
우아한 거짓말,1059
나의 라임 오렌지 나무,824
로스트 크리스마스,100
사도,1098
스틸 앨리스,938
네 무덤에 침을 뱉어라 2,283
포커스,1556
채피,470
헬머니,687
어거스트 에이트,701
성실한 나라의 앨리스,525
그랜드 센트럴,390
피막,489
나이트 크롤러,878
우리는 형제입니다,490
더 라스트  나루토 더 무비,895
패션왕,1509
아너,1075
다우더,550
당신의 벽이 속삭일때,100
기생수 파트1,768
맨홀,879
아이스맨,543
서울역,1711
액트 오브 킬링,758
룸메이트,1148
뷰티 인사이드,650
서울연애,387
더 커널,382
테이큰 3,442
초콜렛 도넛,253
빅 아이즈,701
허큘리스,784
명탐정 코난   이차원의 저격수,823
설계,1629
피끓는 청춘,232
더블  달콤한 악몽,152
엄마와 나 그리고 나의 커밍아웃,191
케이트 맥콜,100
드래곤 길들이기,831
우리 사랑하는 동안,100
스튜던트 서비스,374
뱀파이어 아카데미,189
시선,1510
베스트 오퍼,382
레이드 2,811
내 심장을 쏴라,957
밤의 여왕,867
루시,1349
인보카머스,621
미조,724
아워즈,336
그랜드 피아노,520
엠파이어 스테이트,387
애프터쇼크,477
어떤 만남,419
은하철도의 꿈,293
둠스데이 2014,193
말레피센트,485
늑대인간  더 오리지널,100
그댄 나의 뱀파이어,178
꼬마 니콜라의 여름방학,271
인간중독,929
조류인간,312
로크,1044
황제를 위하여,782
죽음의 천사,562
킬엠올,100
4등,784
들개,797
개를 훔치는 완벽한 방법,488
봄,2005
혹성탈출  반격의 서막,518
일대일,712
쎄시봉,735
베테랑,414
나의 첫번째 장례식,410
버드맨,708
선 오브 갓,505
쇼트피스,377
마이 보이,509
슬기로운 해법,198
마녀사냥꾼,668
론 서바이버,884
고스트 패밀리  구출 대작전,278
백프로,750
숙희,372
모라토리움기의 다마코,473
마지막 위안부,441
"사랑해, 매기",506
셀마,673
개  dog eat dog,291
애프터 파티,183
"서른아홉, 열아홉",615
아메리칸 스나이퍼,637
우주로봇 씨어,218
빌리 엘리어트 뮤지컬 라이브,198
두근두근 내 인생,914
어벤져스  에이지 오브 울트론,711
코알라,979
노벰버 맨,601
어느 창녀의 하루,198
샤크 스톰,100
메이즈 러너,680
히든 페이스,263
에이지 오브 다이노소어,100
백발마녀전  명월천국,399
뷰티풀 차일드,100
추억의 마니,507
코블러,860
누드모델,1626
살인의뢰,389
터미네이터 제니시스,291
파리 폴리,198
뷰티풀 라이,290
백설공주 살인사건,594
다크 플레이스,482
오늘의 연애,456
레디액션 청춘,100
스페이스 배틀쉽,100
워크 오브 셰임,197
퍼지,1225
님포매니악 볼륨1,340
울트라맨 사가,199
미라클 벨리에,566
빅매치,611
아빠를 빌려드립니다,541
덕수리 5형제,573
설해,501
더 체이스,143
스케치,1441
오큘러스,504
명기,1226
기화,644
옐로우버드,454
이그지스트,493
미션 13,100
오빠가 돌아왔다,197
리스본행 야간열차,221
관능의 법칙,599
녀녀녀,115
그랜드 부다페스트 호텔,371
넥스트 제네레이션 패트레이버,100
모스트 원티드 맨,305
우는 남자,539
유아 넥스트,371
지골로 인 뉴욕,224
"안녕, 헤이즐",570
천안함 프로젝트,275
화이트 고릴라,132
경주,1910
화장,1639
쿵푸 보이,184
"나의 아들, 나의 어머니",296
가디언즈 오브 갤럭시,444
한밤의 아이들,193
사대명포,384
천국에 다녀온 소년,619
망대,297
찰리 컨트리맨,455
디스커넥트,997
시절인연,451
열한시,161
스타렛,441
60만번의 트라이,469
코드 레드,395
깡철이,377
그레이트 뷰티,687
더 시그널,440
와일드 빌,529
둠스데이 지구 최후의 날,269
어떤 시선,410
할리데이,358
이것이 우리의 끝이다,430
짓,424
공범,837
뮤지엄 아워스,100
두부요괴,185
어바웃 체리,361
격전,198
천재 강아지 미스터 피바디,316
그녀의 비밀,539
블라인드 디텍티브,100
엔드 오브 디 어스,100
미녀전쟁,114
관상,831
폼페이  최후의 날,472
까미유 끌로델,299
레고 무비,492
하드데이,237
슈퍼미니,328
배우는 배우다,900
더 파이브,846
용의자,685
은밀한 유혹,655
바운티 킬러,334
비행기,2167
해피엔딩 프로젝트,496
비밀의 화방,240
타잔 3D,577
별일아니다,100
제로법칙의 비밀,1172
나는 야한 여자가 좋다,318
메탈리카 스루 더 네버,258
님포매니악 볼륨2,867
익스트랙티드,149
커밍 홈,308
한공주,454
셔틀콕,993
파스카,214
말하는 건축 시티 홀,395
고양이 소녀,511
화이트 스완,100
블러드 워,266
여배우 공작단,196
익스펜더블 3,950
위크엔드 인 파리,145
거룩한 소녀 마리아,100
엔드리스,578
메이크 유어 무브,911
마미,1475
미스터 터너,299
폭스캐처,808
윈터 슬립,505
리바이어던,648
화이트 갓,378
후쿠시마의 미래,158
소녀괴담,678
마릴린 먼로와 함께한 일주일,604
행복배달부 팻아저씨,213
만신,697
"메밀꽃, 운수 좋은 날, 그리고 봄봄",355
귀접,434
언브로큰,747
연평해전,385
순수의 시대,531
하늘의 황금마차,297
반 고흐  위대한 유산,269
신의 한 수,461
하이힐,1323
레쓰링,397
젊은 엄마 2,391
이브 생 로랑,849
SX 테잎,456
제네시스  세상의 소금,320
중독애,373
무게,1459
스위니,499
더 머쉰,339
마이 블랭키,228
보이후드,590
맛,1892
캠걸,428
파라다이스,1850
표적,589
동경가족,745
피해자들,113
차가운 장미,210
깨끗하고 연약한,405
망원동 인공위성,199
터키,2002
선샤인 온 리스,523
나쁜 이웃들,568
천번의 굿나잇,289
상하이 콜링,181
텔레비전,713
10분,975
노란 코끼리,485
사보타지,865
픽업 아티스트,714
브룩클린 브라더스,100
드래프트 데이,354
우리가 사랑한 시간,213
와즈다,481
마세티 킬즈,430
꼬마마녀 요요와 네네,495
머드,1035
어메이징 스파이더맨 2,653
사라진 기억,100
끝까지 간다,791
인투 더 스톰,803
구화영웅,100
무서운 영화 5,463
베일,1375
비긴 어게인,422
왓니껴,100
침묵의 목격자,339
런치박스,488
블러드 타이즈,240
엔들리스 러브,275
레커스,100
밀리언 웨이즈,371
콘돌은 날아간다,570
역린,528
신촌좀비만화,325
파이오니아,247
죽도록 아름다운 세상,100
살인캠프,117
위험한 관계,794
르누아르,587
응징자,201
디어 존,547
마탄의 사수,374
흩어진 밤,100
빈폴,1346
타이탄,729
바쿠만,925
아이돌 섹스 스캔들,199
최악의 이웃과 사랑에 빠지는 방법,339
생존자들,100
동거의 목적,166
피치 퍼펙트  언프리티 걸즈,525
오베라는 남자,386
여의도,1155
죽이러 갑니다,516
퀴즈왕,497
욕정이 활활,100
검우강호,579
엑스페리먼트,665
가디언의 전설,842
피라냐,548
폐가,610
생텀,763
킬러 인사이드 미,100
사랑의 시대,571
숲속으로,671
하이킥 엔젤스,145
미이라   피라미드의 비밀,100
묻지마 사랑,455
리저너블 다우트,266
콰이어트 원,306
7번째 아들,777
헝거게임  모킹제이,603
철원기행,194
쓰리 세컨즈,476
밀양 아리랑,549
다이빙벨,939
왓 이프,661
레드카펫,794
갈증,1011
오토마타,685
다가오는 것들,324
호빗  다섯 군대 전투,811
마담 싸이코,849
데모닉,834
적도,706
안녕 베일리,1117
백트랙,394
아우슈비츠,827
애나벨,632
블랙 사이트,953
위시 아이 워즈 히어,321
"소년, 소녀 그리고 바다",428
요로나의 저주,352
애프터,1942
그랑프리,772
22 블렛,534
김복남 살인사건의 전말,100
엑스맨  퍼스트 클래스,446
잭 더 자이언트 킬러,100
분노의 윤리학,402
레드 라이딩 후드,580
원스 어게인,377
한경직,206
마이 블랙 미니드레스,802
뜨거운 안녕,1160
헝거게임  캣칭 파이어,1072
디아틀로프,125
방가? 방가!,293
데들리 크로싱,200
길위에서,182
헬로우 고스트,666
고스트,1633
웃는 남자,649
피치 퍼펙트,547
소중한 날의 꿈,399
오스카 그랜트의 어떤 하루,745
오블리비언,726
"사랑한다, 사랑하지 않는다",942
밀레니엄   여자를 증오한 남자들,717
인셉션,398
그녀에게,352
플랜 B,346
짐승,807
프로포즈 데이,100
유령작가,523
적인걸  측천무후의 비밀,100
페르시아의 왕자  시간의 모래,176
라스트 에어벤더,321
"울지마, 톤즈",203
바운티 헌터,265
나이트메어,572
엉클 분미,143
그린 호넷,503
진짜로 일어날지도 몰라 기적,534
스트레스를 부르는 그 이름 직장상사,491
티끌모아 로맨스,245
음모자,338
간츠,1094
어메이징 스파이더맨,540
분노의 질주  언리미티드,316
화이트  저주의 멜로디,350
엑소시즈머스,263
셰임,732
이별까지 7일,427
셜록홈즈   그림자 게임,649
청원,1354
로봇,1059
이클립스,1162
거인,1486
리들,687
대공습,208
플라이트 7500,420
패딩턴,357
타임 패러독스,919
컬러풀 웨딩즈,649
리턴드,299
투와이스 본,434
야간비행,886
숀더쉽,855
지옥이 뭐가 나빠,124
그레이의 50가지 그림자,1146
트라이브,1133
퓨리,1278
5일의 마중,321
카트,1860
크리스마스 스타,1144
슈퍼처방전,720
환상,1670
마담 뺑덕,783
와일드,1724
친구와 애인사이,150
브레이킹,1396
유혹,2123
엑스 마키나,474
드래곤 블레이드,408
드라큘라  전설의 시작,372
소년 파르티잔,318
마이애미 대침몰,100
제보자,459
세컨드 마더,185
침묵의 시선,442
워터 디바이너,463
엘리제궁의 요리사,425
슬로우 웨스트,698
박스트롤,418
무서운 집,275
막걸스,297
소리굽쇠,190
스물,865
자유의 언덕,378
"러브, 로지",764
태양을 쏴라,586
내가 잠들기 전에,294
타임 투 러브,469
암살,1726
강남 1970,353
바티칸 뮤지엄,172
그 사람 그 사랑 그 세상,286
바람의 검심   전설의 최후편,295
바람의 검심   교토 대화재편,100
히마와리와 나의 7일,200
마이 페어 웨딩,188
제인 구달,428
심판자,342
생각보다 맑은,552
야누스  욕망의 두 얼굴,169
스타빙 게임,553
현기증,976
쓰리 썸머 나잇,646
또 하나의 약속,513
빅 히어로,941
쿼바디스,962
프렌즈   하얀 거짓말,198
미라클 여행기,188
산다,1162
세상의 끝에서 커피 한잔,367
산타바바라,906
달사람,1156
모스트 바이어런트,749
테레즈 데케루,192
황금시대,916
나쁜 사랑,899
질투,949
그라운드의 이방인,366
레일웨이 맨,271
제거자,200
이불,1924
외계인들,183
목숨,811
에이리언 스페이스,100
미니언즈,974
우리가족,783
스톰 둠스데이,100
내 연애의 기억,288
플러스 원,875
1월의 두 얼굴,161
분노의 질주  더 세븐,702
장수상회,514
혼스,633
모두의 천사 가디,185
꿈보다 해몽,288
소셜포비아,846
챌린지 게임,846
마이너클럽,100
이다,2410
좀비 파이트 클럽,301
내셔널 갤러리,466
에코,1515
지미스 홀,516
나는 야한 여자가 좋다 2,117
나의 독재자,417
밤을 걷는 뱀파이어 소녀,575
쥬로링 동물탐정 극장판,200
소녀,1871
삽질,767
욕창,1100
지옥화,914
플레이어스,267
족구왕,337
엣지 오브 타임,608
블랙 앤 화이트,354
좀비스쿨,571
한여름의 판타지아,294
울브스,353
더 홈즈맨,540
사토미를 찾아라,269
일곱난쟁이,480
황구,493
마다가스카의 펭귄,533
스테레오,1040
피노키오의 모험,100
버진 스노우,373
옹녀뎐,251
욕망의 독  중독,168
바리새인,150
카니발,2182
꾸뻬씨의 행복여행,653
아가씨,744
사막에서 연어낚시,708
방황하는 칼날,487
프랭크,1100
히말라야,947
무간도 외전,100
바캉스,942
토카레브,166
못,1968
더 이퀄라이저,1055
토네이도,872
아라벨라,100
세비야의 이발사,100
카이트,757
나가요 미스콜,326
허삼관,886
태평륜,421
누구에게나 찬란한,175
마인드스케이프,252
지휘자를 위한 1분,100
꼬마잠수함 올리,198
아더 우먼,625
고양이 장례식,428
"웰컴, 삼바",675
종이 달,603
나의 사적인 여자친구,356
유닛7,354
타마코 러브 스토리,802
고양이 사무라이,808
로사,1204
시티즌포,240
숫호구,459
인서전트,644
모데카이,883
아메리칸 셰프,796
스피드,1872
디브,451
헝그리 하트,228
먹이사슬,147
베를린 장벽,434
포세이돈,1082
파라노이아,100
변종샤크,197
